id,name,email,gender
1,Tim,tdolden0@dion.ne.jp,Male
2,Eustacia,evasyaev1@blinklist.com,Female
3,Sauncho,skinset2@unicef.org,Male
4,Emylee,egair3@state.gov,Female
5,Dawn,dwise4@amazon.com,Female
6,Taber,trohmer5@bloglines.com,Male
7,Keith,kbeckingham6@phoca.cz,Male
8,Mavra,mmcgillecole7@jimdo.com,Female
9,Adore,acankett8@yolasite.com,Female
10,Alwin,abern9@example.com,Male
11,Dre,dfraschettia@sciencedirect.com,Female
12,Griswold,gburnardb@hc360.com,Male
13,Tracey,tramelotc@eepurl.com,Male
14,Penelope,pcrathorned@slideshare.net,Female
15,Tabbie,tstoakleye@drupal.org,Male
16,Mendy,mneeshamf@plala.or.jp,Male
17,Rollo,rpepperrallg@harvard.edu,Male
18,Gottfried,gothickh@paypal.com,Male
19,Kimbell,kkeeli@nymag.com,Male
20,Carmelle,ctaggertj@hugedomains.com,Female
21,Ewen,emeugensk@tripadvisor.com,Male
22,Sid,sroubeixl@simplemachines.org,Genderqueer
23,Skipper,swisbym@yahoo.com,Male
24,Hendrik,hshimonn@ycombinator.com,Male
25,Skipton,soshevlino@cbslocal.com,Male
26,Monroe,mchevolleaup@jigsy.com,Male
27,Ambrosi,acowenq@amazon.co.uk,Male
28,Ralph,ranstisr@cnn.com,Male
29,Austina,abortolazzis@simplemachines.org,Female
30,Terrie,tbentsent@360.cn,Female
31,Batsheva,bmccarleu@homestead.com,Female
32,Wallace,wickowiczv@ocn.ne.jp,Agender
33,Dawna,dpairpointw@yellowpages.com,Female
34,Fonz,fbosherex@nature.com,Male
35,Anton,asteljesy@blinklist.com,Agender
36,Caroljean,crubbertz@linkedin.com,Non-binary
37,Sharline,sughelli10@huffingtonpost.com,Female
38,Cedric,cpotebury11@nsw.gov.au,Male
39,Nedda,nknevett12@reverbnation.com,Female
40,Howard,haudiss13@fda.gov,Male
41,Oran,oprestner14@github.io,Male
42,Dareen,dlouca15@harvard.edu,Agender
43,Bartram,bcranshaw16@bing.com,Male
44,Zulema,zblench17@a8.net,Female
45,Janenna,jcorston18@smugmug.com,Female
46,Royal,rspracklin19@cbc.ca,Male
47,Henrie,hcheshir1a@hp.com,Female
48,Francine,fdiver1b@nba.com,Female
49,Axe,aderham1c@smh.com.au,Male
50,Lukas,lchesterton1d@va.gov,Male
51,Fredek,ffaulds1e@howstuffworks.com,Male
52,Tonia,tmctrusty1f@com.com,Genderfluid
53,Orelia,otaphouse1g@china.com.cn,Female
54,Vinnie,vsolano1h@soup.io,Male
55,Tiphanie,tfairhurst1i@cbsnews.com,Female
56,Rafaello,riston1j@icq.com,Male
57,Cori,ccanfield1k@squidoo.com,Male
58,Coletta,cdrysdale1l@furl.net,Female
59,Allyce,acamellini1m@uiuc.edu,Female
60,Tarra,tcolum1n@linkedin.com,Female
61,Anatola,apoundesford1o@dedecms.com,Genderfluid
62,Raddy,rmougel1p@weebly.com,Male
63,Cassie,cmarunchak1q@mozilla.com,Male
64,Timmie,ttomanek1r@tripadvisor.com,Female
65,Irita,ihachette1s@csmonitor.com,Female
66,Pieter,pdrewery1t@oaic.gov.au,Male
67,Thorstein,tlouca1u@privacy.gov.au,Male
68,Kris,kezzy1v@t-online.de,Male
69,Alvin,askelhorn1w@constantcontact.com,Male
70,Cal,ccastagnasso1x@sun.com,Female
71,Archibald,atwopenny1y@storify.com,Male
72,Dannie,dscotchford1z@cnn.com,Male
73,Chandal,cmcaleese20@slideshare.net,Female
74,Evangelina,emaydway21@state.gov,Female
75,Lorene,lreeday22@cbslocal.com,Female
76,Jenn,jtucknott23@mit.edu,Genderqueer
77,Rainer,rtatlowe24@360.cn,Male
78,Gris,galeksankov25@java.com,Non-binary
79,Tanny,telldred26@mit.edu,Male
80,Elwira,egiannasi27@ustream.tv,Bigender
81,Matthaeus,mdufour28@photobucket.com,Non-binary
82,Durward,dtuff29@list-manage.com,Male
83,Thorvald,tscopham2a@seattletimes.com,Male
84,Emogene,eshea2b@discuz.net,Female
85,Butch,bnerne2c@dion.ne.jp,Male
86,Fredericka,fkettlewell2d@dell.com,Female
87,April,ablagdon2e@mail.ru,Female
88,Bronson,bgreatham2f@imgur.com,Male
89,Lindie,leastway2g@va.gov,Polygender
90,Randy,rapthorpe2h@nba.com,Female
91,Pancho,pparke2i@arizona.edu,Male
92,Juan,jpeery2j@smugmug.com,Non-binary
93,Silvana,shaste2k@simplemachines.org,Female
94,Clint,claydel2l@thetimes.co.uk,Male
95,Jasmine,jrighy2m@prlog.org,Female
96,Thibaut,tsteckings2n@hp.com,Male
97,Humfrey,hhasluck2o@miibeian.gov.cn,Male
98,Forest,fhogbourne2p@nature.com,Male
99,Taddeusz,tperigeaux2q@samsung.com,Male
100,Hyman,hmccole2r@tinyurl.com,Male
101,Vincent,vhocking2s@deliciousdays.com,Male
102,Thebault,tplumb2t@alexa.com,Male
103,Darn,dfreen2u@tinyurl.com,Male
104,Jacinda,jfernez2v@webs.com,Female
105,Waylin,wjanca2w@tamu.edu,Male
106,Cherilynn,calenshev2x@quantcast.com,Female
107,Antonino,avarden2y@yellowbook.com,Male
108,Juliet,jcotelard2z@arizona.edu,Female
109,Morgen,mrewan30@alibaba.com,Female
110,Shanan,sgyves31@goodreads.com,Male
111,Raddy,rgaish32@ocn.ne.jp,Male
112,Diandra,ddominici33@fotki.com,Female
113,Miquela,manscombe34@joomla.org,Female
114,Theobald,tollier35@elpais.com,Male
115,Drusie,dparlet36@purevolume.com,Female
116,Aile,agunby37@baidu.com,Agender
117,Trescha,tpenton38@friendfeed.com,Female
118,Rossy,rsiemianowicz39@theglobeandmail.com,Genderfluid
119,Temp,tmcrobert3a@homestead.com,Male
120,Curt,cwakerley3b@odnoklassniki.ru,Male
121,Myrlene,mlemmen3c@ustream.tv,Female
122,Sylvia,sadriani3d@bandcamp.com,Female
123,Essa,etowsey3e@taobao.com,Polygender
124,Zulema,zsalling3f@amazon.de,Female
125,Sarge,smacuchadair3g@deviantart.com,Male
126,Ody,oarmytage3h@army.mil,Male
127,Christiana,cherity3i@desdev.cn,Female
128,Allison,aprobert3j@narod.ru,Polygender
129,Sadie,sroblou3k@goodreads.com,Female
130,August,apressland3l@pinterest.com,Male
131,Gran,gqueripel3m@twitter.com,Male
132,Thadeus,tmaclean3n@usa.gov,Male
133,Godwin,gmioni3o@addthis.com,Male
134,Cybill,cprofit3p@cbsnews.com,Female
135,Bartel,bmusselwhite3q@earthlink.net,Male
136,Ancell,areymers3r@360.cn,Male
137,Aidan,aruegg3s@globo.com,Female
138,Lynne,lglanister3t@lulu.com,Female
139,Ermentrude,ecumesky3u@yahoo.co.jp,Genderqueer
140,Tymothy,tscholte3v@icq.com,Male
141,Farand,fworld3w@eventbrite.com,Female
142,Vilma,vwindous3x@google.com.au,Female
143,Chad,cboorer3y@ustream.tv,Female
144,Candide,camorts3z@gmpg.org,Female
145,Aimee,ahuerta40@ask.com,Female
146,Ivar,ivause41@salon.com,Male
147,Virginia,vstrafen42@amazonaws.com,Female
148,Danice,dbarmadier43@goo.gl,Female
149,Andre,akingsbury44@sfgate.com,Male
150,Maurene,mmewitt45@globo.com,Female
151,Nani,ngrady46@economist.com,Female
152,Krystal,kravenscroftt47@princeton.edu,Female
153,Giusto,grooze48@who.int,Male
154,Meg,manderbrugge49@cnn.com,Female
155,Morena,mhallybone4a@cyberchimps.com,Female
156,Odo,oantoniottii4b@zimbio.com,Male
157,Cobby,ccaulder4c@goodreads.com,Male
158,Coral,calbrooke4d@archive.org,Female
159,Starr,sfleisch4e@dmoz.org,Female
160,Alfy,admitr4f@vk.com,Female
161,Halimeda,hmcdowell4g@latimes.com,Female
162,Reginauld,rhorlock4h@netvibes.com,Male
163,Betteanne,bloveitt4i@europa.eu,Female
164,Nina,njustun4j@chronoengine.com,Female
165,Oneida,oramsbotham4k@technorati.com,Genderqueer
166,Odette,ostuttman4l@miitbeian.gov.cn,Bigender
167,Nobie,nmatthaus4m@howstuffworks.com,Male
168,Aluin,akeave4n@mashable.com,Male
169,Elsey,ebyrth4o@storify.com,Female
170,Abbi,aknutsen4p@icq.com,Female
171,Osbourn,ojodkowski4q@harvard.edu,Male
172,Samara,sdequesne4r@sbwire.com,Non-binary
173,Torrie,tizacenko4s@ca.gov,Female
174,Karylin,kbolderson4t@slashdot.org,Female
175,Harlan,hbuye4u@plala.or.jp,Male
176,Denni,dbeausang4v@independent.co.uk,Female
177,Annette,aflintoffe4w@dailymail.co.uk,Female
178,Sergent,scloonan4x@taobao.com,Male
179,Hollyanne,hmatysik4y@hao123.com,Female
180,Urson,ubleddon4z@scribd.com,Bigender
181,Marcello,mostrich50@wisc.edu,Male
182,Rayner,rmoran51@newyorker.com,Male
183,Daloris,daldwick52@psu.edu,Genderqueer
184,Kristien,kiles53@psu.edu,Female
185,Ninnette,nbeedie54@icq.com,Polygender
186,Herbert,hkerrigan55@over-blog.com,Polygender
187,Les,ldipietro56@state.tx.us,Male
188,Alejoa,acoutts57@imageshack.us,Male
189,Izak,iclell58@google.co.uk,Male
190,Feodor,fmetheringham59@chronoengine.com,Male
191,Odella,opincked5a@princeton.edu,Female
192,Mayor,mandrelli5b@japanpost.jp,Male
193,Anne-marie,amcwhannel5c@51.la,Female
194,Nathanil,nlibri5d@ox.ac.uk,Male
195,Pollyanna,pamiable5e@cbslocal.com,Female
196,Amie,akyme5f@utexas.edu,Female
197,Joe,jdallimare5g@homestead.com,Genderqueer
198,Agnella,ahonacker5h@mail.ru,Female
199,Hilario,hwhytock5i@ft.com,Male
200,Mandy,mruse5j@dailymotion.com,Female
201,Ronni,rpavitt5k@dot.gov,Female
202,Jo,jyorke5l@usnews.com,Genderqueer
203,Constantino,cvatini5m@hc360.com,Male
204,Joanne,jhaistwell5n@yandex.ru,Female
205,Cynthy,cjoutapavicius5o@foxnews.com,Female
206,Shermy,swynch5p@github.com,Male
207,Concordia,cportis5q@microsoft.com,Female
208,Orin,ohemstead5r@usnews.com,Male
209,Brien,bvashchenko5s@washington.edu,Male
210,Rollin,rmerrywether5t@indiegogo.com,Male
211,Amabelle,ajersh5u@google.de,Female
212,Rob,rgazey5v@ycombinator.com,Male
213,Rhett,rbread5w@globo.com,Male
214,Innis,itresvina5x@uiuc.edu,Male
215,Delphine,dfansy5y@wired.com,Female
216,Stephanus,smaplethorp5z@craigslist.org,Male
217,Shanna,sleppo60@soundcloud.com,Female
218,Lucais,liskowitz61@cnet.com,Male
219,Lebbie,lsidebottom62@cafepress.com,Female
220,Timmie,ttipping63@mysql.com,Female
221,Helene,hhaydock64@naver.com,Female
222,Breanne,bdabrowski65@theglobeandmail.com,Female
223,Asia,aosuaird66@indiatimes.com,Female
224,Dov,dsanpher67@addthis.com,Male
225,Rodney,rbrotherwood68@sogou.com,Male
226,Archibald,amacrorie69@mashable.com,Male
227,Moore,mdalgetty6a@hatena.ne.jp,Male
228,Emma,edunkerley6b@pen.io,Female
229,Eva,eosullivan6c@yale.edu,Female
230,Alleyn,agogerty6d@google.pl,Male
231,Nickie,nanwyl6e@nymag.com,Male
232,Eugene,eliley6f@answers.com,Male
233,Nicol,nweepers6g@stumbleupon.com,Male
234,Indira,iwolfart6h@instagram.com,Female
235,Lesley,lburroughes6i@webnode.com,Female
236,Antone,asnooks6j@simplemachines.org,Male
237,Alfons,afiske6k@phoca.cz,Male
238,Cornie,cdelagua6l@cisco.com,Male
239,Ian,imccorkell6m@amazonaws.com,Male
240,Ripley,rlimon6n@ucoz.ru,Non-binary
241,Amelita,awillmetts6o@fc2.com,Polygender
242,Alexine,afriman6p@cdc.gov,Female
243,Keen,kpendock6q@cisco.com,Male
244,Georg,gminto6r@bbb.org,Male
245,Bendicty,bdyos6s@npr.org,Genderqueer
246,Birk,bgroombridge6t@nyu.edu,Male
247,Lainey,lmachans6u@pen.io,Female
248,Addy,akilgallen6v@blogspot.com,Male
249,Edithe,esewill6w@devhub.com,Female
250,Woodman,wrippingall6x@msn.com,Male
251,Stoddard,sangelo6y@deviantart.com,Female
252,Rudyard,rblodget6z@elegantthemes.com,Male
253,Lin,lcruwys70@goodreads.com,Female
254,Eustace,eheathorn71@cbslocal.com,Male
255,Lorne,lhartshorne72@gnu.org,Male
256,Carlene,cdranfield73@redcross.org,Female
257,Gael,gjuggins74@scientificamerican.com,Female
258,Myrle,mkunz75@goo.ne.jp,Female
259,Buck,bcleyburn76@redcross.org,Male
260,Linnet,ltomini77@technorati.com,Female
261,Lesly,lguisot78@illinois.edu,Female
262,Ransell,rtoffaloni79@un.org,Male
263,Rey,rlouys7a@nytimes.com,Female
264,Kathy,kdyott7b@is.gd,Female
265,Angele,abakhrushkin7c@bbb.org,Female
266,Jamil,jboyfield7d@sphinn.com,Male
267,Pierrette,pfanshawe7e@google.de,Female
268,Brier,btimms7f@t-online.de,Female
269,Kori,kputtnam7g@alibaba.com,Female
270,Goddard,gtuffey7h@github.com,Male
271,Timofei,tfilon7i@webs.com,Male
272,Belva,bbroe7j@google.com,Female
273,Shandy,srapley7k@mit.edu,Female
274,Trix,tportriss7l@tiny.cc,Female
275,Ashton,aaleksandrev7m@google.fr,Male
276,Tuesday,twalesby7n@engadget.com,Female
277,Delinda,dsaph7o@e-recht24.de,Female
278,Valentin,vzaczek7p@tumblr.com,Male
279,Dewitt,dscrivenor7q@hp.com,Male
280,Mackenzie,mimlach7r@pagesperso-orange.fr,Male
281,Dita,dtreweke7s@i2i.jp,Female
282,Aylmar,astooke7t@merriam-webster.com,Male
283,Loy,lmaccawley7u@army.mil,Male
284,Lucy,lmcwhinnie7v@scientificamerican.com,Female
285,Regan,rmacfadin7w@nytimes.com,Male
286,Valentia,vsimnett7x@webnode.com,Female
287,Rosalie,rfound7y@fda.gov,Female
288,Nesta,nswannick7z@buzzfeed.com,Female
289,Steve,smapston80@paginegialle.it,Male
290,Saraann,smillberg81@archive.org,Female
291,Welby,wannies82@chronoengine.com,Male
292,Alysia,arome83@go.com,Female
293,Thebault,tnancekivell84@homestead.com,Male
294,Edyth,ejanatka85@ibm.com,Female
295,Quinton,qclancy86@smh.com.au,Non-binary
296,Callida,cayton87@4shared.com,Bigender
297,Mikey,mvidyapin88@ehow.com,Male
298,Trstram,tfernao89@about.com,Male
299,Elmer,etessyman8a@wikimedia.org,Male
300,Ange,ahindge8b@dell.com,Female
301,Fidela,fborman8c@marketwatch.com,Female
302,Cris,cfishly8d@sogou.com,Bigender
303,Nat,nleyburn8e@theguardian.com,Female
304,Marve,mrippingall8f@de.vu,Agender
305,Veda,vshervil8g@netlog.com,Female
306,Tybi,tancell8h@odnoklassniki.ru,Female
307,Hamid,hgrimston8i@webmd.com,Male
308,Aryn,akovacs8j@usda.gov,Female
309,Pavlov,pconnolly8k@gravatar.com,Male
310,Jedidiah,jigglesden8l@imageshack.us,Male
311,Sheena,swingham8m@youtu.be,Female
312,Lyle,ldas8n@about.me,Male
313,Miguel,mmaccrae8o@cargocollective.com,Male
314,Fraze,farsnell8p@nifty.com,Male
315,Isidor,iredolfi8q@ovh.net,Male
316,Kiley,khurst8r@sogou.com,Female
317,Tiffani,tdonativo8s@sourceforge.net,Female
318,Niall,nbaynton8t@sun.com,Male
319,Candace,ctaft8u@istockphoto.com,Female
320,Jeno,jgrumley8v@yellowpages.com,Male
321,Pedro,pbirds8w@imageshack.us,Male
322,Carlota,colligan8x@europa.eu,Female
323,Marcia,mriquet8y@irs.gov,Female
324,Omar,ocurling8z@hhs.gov,Male
325,Worden,wshrawley90@washington.edu,Male
326,Mahalia,mkirlin91@usatoday.com,Female
327,Brooks,bhorsted92@comsenz.com,Male
328,Rayshell,rchorley93@bloomberg.com,Polygender
329,Aubry,ayackiminie94@yellowbook.com,Non-binary
330,Brocky,btonks95@nifty.com,Male
331,Natale,nbakes96@accuweather.com,Male
332,Gian,gchristoforou97@dailymotion.com,Male
333,Daron,dnormansell98@fotki.com,Male
334,Harper,hadamkiewicz99@constantcontact.com,Male
335,Melisa,mmckearnen9a@tiny.cc,Genderfluid
336,Berky,blidell9b@walmart.com,Male
337,Malva,mrennicks9c@ning.com,Female
338,Goober,gfattorini9d@livejournal.com,Male
339,Mommy,mmessam9e@usnews.com,Female
340,Bendick,bclerc9f@i2i.jp,Male
341,Devina,dcodlin9g@godaddy.com,Female
342,Yance,ykares9h@gmpg.org,Male
343,Shirlee,sskurray9i@issuu.com,Female
344,Matthus,mmacgaughy9j@woothemes.com,Polygender
345,Xever,xbossons9k@tripod.com,Male
346,Ermentrude,eaizikowitz9l@tripod.com,Bigender
347,Herrick,hknatt9m@wix.com,Agender
348,Belle,bcoaten9n@craigslist.org,Female
349,Pattin,pteers9o@cyberchimps.com,Male
350,Clarice,cbaker9p@issuu.com,Bigender
351,Lea,ledmonds9q@naver.com,Female
352,Drucill,dfakeley9r@cpanel.net,Female
353,Helaine,halan9s@slate.com,Female
354,Arte,agranleese9t@nsw.gov.au,Male
355,Robyn,rwitling9u@flavors.me,Female
356,Gisele,gnerney9v@timesonline.co.uk,Female
357,Daron,dlarham9w@w3.org,Male
358,Fernande,fwagstaff9x@pinterest.com,Female
359,Andrus,asatch9y@elegantthemes.com,Male
360,Roseline,rshrieves9z@linkedin.com,Female
361,Ellwood,eshoebrooka0@thetimes.co.uk,Male
362,Ralina,rvergoa1@mediafire.com,Female
363,Timothee,ttackesa2@github.io,Male
364,Ariella,awerlocka3@shareasale.com,Female
365,Jeane,jhambrica4@ibm.com,Agender
366,Maridel,mkennellya5@fc2.com,Female
367,Sebastiano,svarnesa6@cornell.edu,Male
368,Sidonia,ssempera7@microsoft.com,Female
369,Konstantin,ksongusta8@tmall.com,Male
370,Terrell,tkurta9@tumblr.com,Male
371,Danell,dpietranekaa@symantec.com,Female
372,Berni,bpatroneab@yolasite.com,Female
373,Greta,gcreechac@virginia.edu,Female
374,Alyss,abonellead@foxnews.com,Female
375,Lise,lchansonnauae@cornell.edu,Female
376,Damaris,drolinsonaf@theglobeandmail.com,Non-binary
377,Bendite,brexworthyag@wix.com,Female
378,Constantina,cwillardah@sun.com,Agender
379,Hunt,hthomai@instagram.com,Male
380,Joscelin,jsemoninaj@theguardian.com,Female
381,Samuele,scrowdaceak@drupal.org,Male
382,Georgie,gfedderal@seesaa.net,Male
383,Estell,eclardgeam@dagondesign.com,Non-binary
384,Bendicty,blenoirean@ifeng.com,Male
385,Cart,cdelgadilloao@bluehost.com,Male
386,Terrel,tmckennanap@wikipedia.org,Male
387,Xena,xswannieaq@nytimes.com,Female
388,Jard,jprimmerar@freewebs.com,Male
389,Goober,glecordieras@youtu.be,Male
390,Eben,ehughmanat@foxnews.com,Male
391,Waite,wsuermeierau@youku.com,Male
392,Licha,lcorraoav@jigsy.com,Female
393,Abrahan,aarmsbyaw@facebook.com,Male
394,Loren,lbloomerax@alexa.com,Agender
395,Abbye,ashatliffeay@howstuffworks.com,Female
396,Launce,lspurryeraz@mlb.com,Male
397,Piotr,pbrabbenb0@deviantart.com,Male
398,Mahmud,mstobbesb1@pcworld.com,Male
399,Beale,bcrootb2@studiopress.com,Male
400,Agatha,abollenb3@paginegialle.it,Female
401,Devland,ddonisthorpeb4@statcounter.com,Male
402,Si,sglasheenb5@4shared.com,Male
403,Daffi,dconroyb6@wix.com,Female
404,Raina,rdellcasab7@google.co.jp,Bigender
405,Waring,wpunchb8@example.com,Male
406,Murray,mnethercliftb9@woothemes.com,Male
407,Fabien,fboardba@webeden.co.uk,Male
408,Aundrea,aocorriganebb@tamu.edu,Female
409,Koenraad,khunnisettbc@bandcamp.com,Agender
410,Roxana,rlowbd@nhs.uk,Female
411,Devonna,dmatherbe@unblog.fr,Female
412,Petr,pralphbf@bloglovin.com,Male
413,Vaughn,vupshallbg@google.ru,Male
414,Judas,jbraambh@multiply.com,Non-binary
415,Thayne,tculterbi@ihg.com,Male
416,Jaimie,josichevbj@un.org,Non-binary
417,Darb,deverexbk@bravesites.com,Female
418,Drud,dmiltonwhitebl@wired.com,Male
419,Hatty,hnabbsbm@hostgator.com,Female
420,Lowe,lcordiebn@google.cn,Male
421,Aloin,atwentymanbo@google.ca,Male
422,Ruthy,rhenrietbp@umich.edu,Female
423,Ethyl,emcandiebq@feedburner.com,Female
424,Robbie,rdossetterbr@yelp.com,Male
425,Mikaela,mrendallbs@ebay.com,Female
426,Felipe,fmassimobt@zimbio.com,Male
427,Kaleb,ksherebu@mtv.com,Male
428,Tabbatha,tcancottbv@imdb.com,Agender
429,Charmian,ckeelingbw@people.com.cn,Female
430,Nance,ntidmasbx@techcrunch.com,Female
431,Stavro,swheadonby@over-blog.com,Male
432,Neil,nkleiselbz@house.gov,Male
433,Amye,aoreganc0@artisteer.com,Female
434,Celeste,ckleenc1@ed.gov,Female
435,Bibbie,balgeoc2@weebly.com,Female
436,Hallsy,hshierc3@umn.edu,Male
437,Carley,cmoatc4@goo.ne.jp,Female
438,Monique,mfoordc5@nasa.gov,Female
439,Paddie,pmoarc6@apple.com,Bigender
440,Phyllys,pdevilec7@pen.io,Female
441,Merridie,mskilbeckc8@guardian.co.uk,Female
442,Hillary,hearlec9@zimbio.com,Male
443,Corbet,ccaveauca@adobe.com,Male
444,Grange,gvarcoecb@shareasale.com,Male
445,Timotheus,thessecc@google.co.uk,Male
446,Gelya,gcowwellcd@csmonitor.com,Female
447,Herold,hmatzce@mapquest.com,Male
448,Mamie,mmaydwaycf@marriott.com,Female
449,Cherida,cduffiecg@sina.com.cn,Female
450,Cathe,caspych@seesaa.net,Female
451,Archibald,amatticcici@dell.com,Male
452,Jessika,jsetchellcj@oakley.com,Genderqueer
453,Annis,awilsdonck@hexun.com,Female
454,Arnoldo,asollittcl@abc.net.au,Male
455,Harmonie,hottocm@jigsy.com,Female
456,Doro,danyoncn@usnews.com,Female
457,Massimo,mrissenco@vkontakte.ru,Male
458,Harcourt,hjostcp@rediff.com,Male
459,Nikolas,nclerycq@patch.com,Male
460,Seline,sgainsburycr@sciencedirect.com,Polygender
461,Todd,thusselbeecs@de.vu,Male
462,Benton,bqualtroughct@soundcloud.com,Male
463,Major,mmedlercu@walmart.com,Male
464,Chauncey,ctettersellcv@so-net.ne.jp,Male
465,Sayre,sludfordcw@flavors.me,Male
466,Aleta,adudlistoncx@europa.eu,Female
467,Hedvig,hheckcy@themeforest.net,Female
468,Skippie,struincz@home.pl,Male
469,Lavinia,lsommerscalesd0@friendfeed.com,Female
470,Shayla,svamplusd1@answers.com,Female
471,Moira,mkeddeyd2@mozilla.org,Female
472,Shelley,sphilippsohnd3@wiley.com,Male
473,Pris,phuked4@gnu.org,Female
474,Celestia,cjirkad5@un.org,Female
475,Corry,cclemitsd6@vkontakte.ru,Female
476,Kane,krogeond7@smugmug.com,Male
477,Meredithe,mfeatonbyd8@youku.com,Bigender
478,Grete,gconstantd9@themeforest.net,Female
479,Sampson,spovallda@nifty.com,Male
480,Karly,kmcguinnessdb@wisc.edu,Female
481,Marina,mgarrettsondc@ox.ac.uk,Female
482,Miof mela,msherrattdd@addthis.com,Female
483,Danielle,dfirksde@hostgator.com,Genderqueer
484,Rice,rskingleydf@un.org,Male
485,Rozelle,rbushendg@angelfire.com,Female
486,Babbie,bbrombelldh@privacy.gov.au,Bigender
487,Gayleen,gborthramdi@usa.gov,Genderqueer
488,Correy,cocahernydj@timesonline.co.uk,Female
489,Carlyle,ckalfdk@uiuc.edu,Male
490,Hernando,hmanueaudl@howstuffworks.com,Male
491,Anna-maria,avalerodm@hp.com,Female
492,Allyce,agarreddn@wufoo.com,Female
493,Tynan,tprangleydo@imgur.com,Genderfluid
494,Dallas,dduleydp@livejournal.com,Male
495,Diandra,dlindberghdq@globo.com,Female
496,Michaella,melpheedr@pcworld.com,Female
497,Saul,sgergherds@spotify.com,Male
498,Janie,jbraynedt@ustream.tv,Female
499,Gerard,gspaindu@mit.edu,Male
500,Carolyn,crichardondv@mapy.cz,Female
501,Trefor,tgosnolddw@omniture.com,Male
502,Patten,pchinndx@simplemachines.org,Male
503,Bria,bmcartandy@wikimedia.org,Female
504,Karlyn,karonovitzdz@hud.gov,Female
505,Franny,fworlidgee0@jigsy.com,Male
506,Boone,bsalewaye1@bloglovin.com,Genderqueer
507,Vince,vdehme2@hibu.com,Male
508,Inna,imattkee3@upenn.edu,Female
509,Beatrix,bgurwoode4@cnn.com,Female
510,Pegeen,poloughnane5@sciencedirect.com,Genderfluid
511,Verney,vbeazeye6@indiatimes.com,Male
512,Krisha,kkrolmane7@nymag.com,Male
513,Lauryn,lbreckenridgee8@nydailynews.com,Female
514,Barnett,bapline9@odnoklassniki.ru,Male
515,Bess,bwoodusea@mail.ru,Female
516,Nowell,nmashameb@addthis.com,Male
517,Jessalyn,jnilgesec@printfriendly.com,Female
518,Annmarie,aspragged@dmoz.org,Female
519,Renae,rkirscheee@accuweather.com,Female
520,Audi,agraftonef@myspace.com,Female
521,Edouard,egartrelleg@columbia.edu,Male
522,Rory,rjanuarysteh@wisc.edu,Polygender
523,Mario,mmckeanei@fc2.com,Male
524,Marcela,mminerej@privacy.gov.au,Female
525,Oberon,obolensek@state.tx.us,Male
526,Arabele,aoscullyel@surveymonkey.com,Female
527,Evvy,erainforthem@nifty.com,Female
528,Tonye,tbinnyen@w3.org,Genderqueer
529,Lacie,lpratchetteo@cocolog-nifty.com,Female
530,Cristobal,chearseep@amazon.co.uk,Male
531,Robin,rgayeeq@cdbaby.com,Male
532,Stevie,sburburyer@xing.com,Male
533,Corie,crubinsaftes@privacy.gov.au,Female
534,Baxie,bmacconchieet@wix.com,Male
535,Carmencita,cpiriseu@earthlink.net,Female
536,Justus,jwoolliamsev@slate.com,Male
537,Trip,tburnyateew@moonfruit.com,Male
538,Fernando,fjordanex@blogs.com,Male
539,Debbi,dmalsterey@statcounter.com,Female
540,Shawn,sfernanez@wikipedia.org,Male
541,Moreen,mbendikf0@xing.com,Non-binary
542,Dominique,dlindforsf1@loc.gov,Male
543,Julissa,jdosedalef2@oaic.gov.au,Female
544,Margarethe,mkeattchf3@yahoo.com,Female
545,Dena,dburbagef4@toplist.cz,Female
546,Branden,bmayf5@mail.ru,Male
547,Hewett,hrosenf6@prlog.org,Male
548,Hagen,hborgesf7@a8.net,Male
549,Reube,rfeildf8@jigsy.com,Bigender
550,Miltie,mdabernottf9@businessinsider.com,Male
551,Kessiah,knichefa@vkontakte.ru,Female
552,Matias,mallibertonfb@youku.com,Male
553,Leonora,llangsburyfc@4shared.com,Female
554,Syman,scannonfd@mozilla.org,Male
555,Birdie,bsumptonfe@forbes.com,Female
556,Nicolais,nlazonbyff@163.com,Male
557,Arnuad,astoodersfg@posterous.com,Male
558,Sven,svairowfh@fda.gov,Male
559,Natala,nlongeafi@nationalgeographic.com,Female
560,Nelli,nleveyfj@techcrunch.com,Female
561,Gaynor,gludronfk@yolasite.com,Female
562,Frans,fdemicolifl@icio.us,Male
563,Sawyere,sleivesleyfm@bandcamp.com,Male
564,Abdul,acullrfordfn@google.it,Male
565,Nikola,nroughsedgefo@springer.com,Male
566,Lindsey,lcoadyfp@thetimes.co.uk,Male
567,Shirl,sroofefq@wikipedia.org,Female
568,Drud,deastbyfr@histats.com,Genderfluid
569,Robers,rstainburnfs@chicagotribune.com,Male
570,Jenn,jchildersft@ted.com,Female
571,Dennie,dscaifefu@pen.io,Female
572,Drew,dgimbletfv@miitbeian.gov.cn,Male
573,Dari,dbucklanfw@kickstarter.com,Female
574,Tiffie,twaitefx@google.ru,Female
575,Marice,mhimpsonfy@toplist.cz,Female
576,Culley,cswindlesfz@stumbleupon.com,Male
577,Winnie,wknewstubbg0@jigsy.com,Male
578,Daniel,dwykeg1@mozilla.org,Male
579,Wheeler,wmcinultyg2@weather.com,Male
580,Reamonn,rwearg3@icio.us,Male
581,Lotty,ldeerrg4@reference.com,Female
582,Olivette,okyngdong5@nbcnews.com,Female
583,Kincaid,khindhaughg6@liveinternet.ru,Male
584,Kincaid,klynng7@cnet.com,Male
585,Kurtis,kcullityg8@naver.com,Male
586,Lynnea,llilleymang9@npr.org,Female
587,Hillery,hrycroftga@wufoo.com,Male
588,Bria,bgolygb@amazonaws.com,Female
589,Fan,fnasigc@craigslist.org,Female
590,Arden,apoxongd@odnoklassniki.ru,Female
591,Ursuline,uandresge@pen.io,Non-binary
592,Jilleen,jcharlesgf@earthlink.net,Female
593,Tedi,tparidgegg@bloglines.com,Female
594,Miltie,mfarrawaygh@paginegialle.it,Male
595,Demetre,dsoppittgi@nsw.gov.au,Male
596,Rikki,rshaygj@umn.edu,Polygender
597,Nanny,nheapgk@oaic.gov.au,Female
598,Sigismond,sburchellgl@google.co.uk,Male
599,Nealon,nstigellgm@wsj.com,Male
600,Dede,dpittolign@digg.com,Female
601,Janetta,jlarrosago@jigsy.com,Bigender
602,Devland,dscorthornegp@wired.com,Male
603,Julian,jgouldstonegq@moonfruit.com,Male
604,Ermentrude,ebedellgr@studiopress.com,Female
605,Merla,mwilcinskisgs@google.es,Female
606,Saunder,sgowrygt@mysql.com,Male
607,Jobye,jdillimoregu@shinystat.com,Female
608,Ainslie,apayntergv@google.com.br,Female
609,Maryann,mhuntongw@cnbc.com,Female
610,Bond,bkaminggx@columbia.edu,Male
611,Aubine,ablankleygy@odnoklassniki.ru,Agender
612,Inna,ichampneygz@barnesandnoble.com,Female
613,Lenna,lcrecyh0@cam.ac.uk,Female
614,Domini,dperaccoh1@hc360.com,Female
615,Lyndell,lbricknellh2@hhs.gov,Female
616,Sabrina,sfairesh3@nasa.gov,Non-binary
617,Nils,nandinoh4@etsy.com,Male
618,Priscilla,pjurczikh5@4shared.com,Female
619,Gerri,gramah6@theguardian.com,Male
620,Leah,lwyetth7@de.vu,Female
621,Piper,pmcraveyh8@cyberchimps.com,Female
622,Emmie,emassingberdh9@uiuc.edu,Female
623,Tish,tfeakinsha@php.net,Female
624,Aaron,atenaunthb@whitehouse.gov,Male
625,Kaine,kwaleranhc@google.cn,Male
626,Forrester,fstoltinghd@jalbum.net,Male
627,Betsy,bpellingarhe@storify.com,Female
628,Rae,rmacmeekanhf@fastcompany.com,Female
629,Artair,adarwenthg@dagondesign.com,Male
630,Woodman,wtomlinhh@wordpress.org,Male
631,Alexio,awinkhi@t.co,Male
632,Corny,cpenneyhj@themeforest.net,Female
633,Lev,lzimmermanhk@mediafire.com,Male
634,Devondra,dordhl@ustream.tv,Female
635,Fergus,fbunsonhm@weibo.com,Male
636,Hermie,hchelnamhn@redcross.org,Male
637,Nonnah,nmerwedeho@foxnews.com,Female
638,Tracy,tsprionghallhp@comsenz.com,Male
639,Cordula,csprayhq@cargocollective.com,Female
640,Lexis,lcashinhr@theglobeandmail.com,Agender
641,Norbie,nsankeyhs@mac.com,Male
642,Flynn,fwarwickerht@instagram.com,Male
643,Barb,bweitzelhu@dedecms.com,Female
644,Cesare,cfluinhv@google.it,Male
645,Selby,sesgatehw@columbia.edu,Male
646,Timmy,tbenthamhx@nationalgeographic.com,Female
647,Neely,nroundtreehy@com.com,Agender
648,Wilburt,wstammirshz@fda.gov,Male
649,Gill,gdelagnesi0@google.co.jp,Female
650,Ugo,ulardieri1@ameblo.jp,Male
651,Fairlie,fantoniettii2@utexas.edu,Male
652,Laina,lceillieri3@naver.com,Female
653,Modestine,mgorussoi4@comcast.net,Female
654,Paco,papplini5@bbb.org,Genderfluid
655,Lindsay,lheyworthi6@nydailynews.com,Female
656,Orton,oallotti7@indiegogo.com,Male
657,Melly,mbumphriesi8@independent.co.uk,Female
658,Gweneth,gwestelli9@indiatimes.com,Genderqueer
659,Isis,imordeyia@de.vu,Female
660,Ninnette,nburnib@wordpress.org,Bigender
661,Meg,maxtenic@msn.com,Female
662,Maribelle,mbrettelid@yale.edu,Female
663,Benito,breiglarie@mayoclinic.com,Male
664,Carrie,cguidelliif@rakuten.co.jp,Female
665,Thorndike,tblakerig@indiatimes.com,Male
666,Robenia,rmoyersih@nifty.com,Female
667,Elga,eabbisonii@unesco.org,Female
668,Fletcher,fjiranekij@instagram.com,Male
669,Zacharie,zoxeik@ca.gov,Male
670,Putnem,phaskellil@java.com,Male
671,Liam,lmacallesterim@wordpress.org,Male
672,Sonia,sdenzeyin@nhs.uk,Non-binary
673,Donnie,dloblieio@hatena.ne.jp,Male
674,Lemmie,lparnallip@odnoklassniki.ru,Male
675,Klaus,kmauroiq@github.com,Male
676,Craggy,ctolletir@nydailynews.com,Male
677,Hashim,hdillistoneis@163.com,Male
678,Breena,belbyit@thetimes.co.uk,Female
679,Pancho,pdealeyiu@geocities.jp,Agender
680,Simonette,swintringhamiv@elpais.com,Female
681,Flora,fmacveaniw@nasa.gov,Female
682,Heywood,hdruittix@imdb.com,Male
683,Heddie,htotterdelliy@adobe.com,Female
684,Maje,mdurrelliz@live.com,Male
685,Odie,ofarensj0@csmonitor.com,Male
686,Caria,ckmietschj1@vinaora.com,Female
687,Abel,ahairsnapej2@usnews.com,Male
688,Levon,ldanilenkoj3@google.nl,Genderqueer
689,Jolie,jgillebridej4@usda.gov,Female
690,Latrina,lvearsj5@sina.com.cn,Female
691,Daron,dmaplethorpj6@slideshare.net,Non-binary
692,Humfried,hivakhnoj7@boston.com,Male
693,Sawyer,straherj8@blogtalkradio.com,Male
694,Asa,alamminj9@godaddy.com,Male
695,Vanny,vmcdowellja@businesswire.com,Female
696,Liam,ltallmanjb@csmonitor.com,Male
697,Gareth,gcoulesjc@storify.com,Male
698,Angeline,akingsnorthjd@forbes.com,Female
699,Flory,fsabenje@unesco.org,Non-binary
700,Chantal,cmayheadjf@ca.gov,Female
701,Galina,gwoodrowjg@cdbaby.com,Female
702,Angy,alewerenzjh@economist.com,Female
703,Tymothy,tdenacampji@un.org,Genderqueer
704,Clare,creadiejj@w3.org,Female
705,Bobbye,bhockingjk@epa.gov,Female
706,Moises,mbrammalljl@irs.gov,Male
707,Timotheus,tdarkottjm@google.com.hk,Male
708,Margeaux,mjoyesjn@merriam-webster.com,Female
709,Tuck,tchaudhryjo@tinyurl.com,Male
710,Megen,mcastrijp@wired.com,Female
711,Heddi,hmounfieldjq@abc.net.au,Female
712,Haven,hrustadgejr@vistaprint.com,Male
713,Eadith,eformbyjs@hp.com,Female
714,Quinlan,qsothcottjt@live.com,Male
715,Hieronymus,hcoyeju@symantec.com,Male
716,Rudy,rsaterthwaitjv@artisteer.com,Male
717,Idaline,ishillingtonjw@hatena.ne.jp,Female
718,Valeda,vtumeltyjx@ycombinator.com,Female
719,Haleigh,hyurtsevjy@photobucket.com,Genderfluid
720,Hobart,hmckanejz@narod.ru,Male
721,Thorsten,tbeinckenk0@google.de,Male
722,Wanids,wmohammadk1@springer.com,Female
723,Nadya,ndalyellk2@elpais.com,Female
724,Antonio,amatityahuk3@zdnet.com,Male
725,Ermin,eludlk4@mayoclinic.com,Male
726,Pepi,pdeniskek5@tumblr.com,Female
727,Obed,oweatherburnk6@shareasale.com,Male
728,Natividad,nebdenk7@devhub.com,Female
729,Marrissa,mwillemank8@soundcloud.com,Female
730,Mindy,mferonetk9@timesonline.co.uk,Female
731,Tricia,tgillottka@xing.com,Female
732,Tadeas,tcecchetellikb@tripod.com,Male
733,Godfree,gshaplandkc@csmonitor.com,Male
734,Neils,nelvenkd@vk.com,Male
735,Ali,awithnallke@exblog.jp,Polygender
736,Wilhelmina,wpythonkf@tumblr.com,Genderqueer
737,Candie,clucockkg@auda.org.au,Female
738,Lammond,lferberkh@skype.com,Male
739,Ted,tbebbingtonki@wufoo.com,Female
740,Elsey,ecastellikj@digg.com,Female
741,Dulsea,dwarehamkk@mozilla.org,Female
742,Fern,fbandekl@google.ru,Female
743,Cathrine,clarkcumkm@posterous.com,Female
744,Silas,scattlowkn@pen.io,Male
745,Alica,ademeyerko@skyrock.com,Female
746,Rudiger,rcreswellkp@plala.or.jp,Male
747,Willi,wdykaskq@mail.ru,Female
748,Melany,mmuriekr@privacy.gov.au,Female
749,Ulrika,ueddisks@vimeo.com,Female
750,Emelen,espenslykt@google.com.br,Male
751,Dene,ddoylandku@webmd.com,Male
752,Orbadiah,obarkleykv@theatlantic.com,Male
753,Ernst,egaudenkw@google.fr,Male
754,Casandra,ctwelvetreeskx@rediff.com,Female
755,Briant,blelievreky@hud.gov,Male
756,Ilsa,idepkakz@upenn.edu,Female
757,Willyt,wvossgenl0@ox.ac.uk,Non-binary
758,Chen,cboynl1@go.com,Male
759,Caryl,cparkl2@tamu.edu,Female
760,Cazzie,cpaulssonl3@privacy.gov.au,Male
761,Erv,escarlanl4@sakura.ne.jp,Bigender
762,Hans,hgethingsl5@samsung.com,Male
763,Garwin,gswynel6@addthis.com,Male
764,Idalina,imccurdyl7@sogou.com,Female
765,Patty,pmidsonl8@latimes.com,Male
766,Tallia,tfootl9@w3.org,Female
767,Ellissa,esetchellla@aol.com,Female
768,Patty,pderisleylb@so-net.ne.jp,Non-binary
769,Mayne,maristidelc@shop-pro.jp,Male
770,Olivier,oflahiveld@princeton.edu,Male
771,Jonathan,jlampsle@aboutads.info,Male
772,Morrie,medgeworthlf@eepurl.com,Male
773,Stacie,scorcklg@sfgate.com,Female
774,Calv,cdonoghuelh@wired.com,Male
775,Maible,mpavlovli@icq.com,Female
776,Addy,aferrandlj@issuu.com,Male
777,Georgie,glievesleylk@redcross.org,Male
778,Blythe,bmcilhonell@noaa.gov,Female
779,Ariella,aklauerlm@twitter.com,Female
780,Richart,rkearleln@printfriendly.com,Male
781,Barnabas,bcoghilllo@mozilla.com,Male
782,Teresa,tcresswelllp@cnn.com,Female
783,Carlota,cbrimmicombelq@hc360.com,Female
784,Jamey,jpeggramlr@paginegialle.it,Male
785,Mattias,mgostagels@harvard.edu,Male
786,Chucho,cwhiskinlt@archive.org,Male
787,Alphonse,aslaffordlu@oaic.gov.au,Male
788,Claude,csangelv@studiopress.com,Female
789,Elvis,ewarlowlw@chron.com,Male
790,Judi,jalenlx@canalblog.com,Female
791,Benji,bbryantly@google.ca,Non-binary
792,Tanney,tpescodlz@nasa.gov,Male
793,Radcliffe,rmedfordm0@patch.com,Male
794,Hoyt,hschellem1@slideshare.net,Male
795,Emmott,ecorderm2@simplemachines.org,Male
796,Eadmund,emcdellm3@opensource.org,Male
797,Milt,mmelbertm4@twitter.com,Male
798,Deny,dsercombem5@e-recht24.de,Female
799,Heall,hspaduccim6@t.co,Male
800,Vincent,velsdonm7@ebay.co.uk,Male
801,Larina,ljankom8@wordpress.org,Female
802,Nev,nmurrowm9@eventbrite.com,Male
803,Reece,rsoanesma@blinklist.com,Polygender
804,Kippie,kskarrmb@dailymotion.com,Male
805,Emmy,eduffitmc@globo.com,Male
806,Conny,cshippammd@statcounter.com,Male
807,Carlina,ccrebome@booking.com,Female
808,Karilynn,kpartlettmf@dailymotion.com,Female
809,Matthiew,mpriormg@sciencedirect.com,Male
810,Anette,aortsmh@samsung.com,Female
811,Roz,rboxellmi@mozilla.com,Female
812,Mickie,mmanueaumj@bloglovin.com,Female
813,Ambrose,amishawmk@fda.gov,Male
814,Jana,jsibbonsml@google.co.jp,Female
815,Franny,fbreamm@dot.gov,Male
816,Bryant,bgaitonemn@tinyurl.com,Male
817,Reena,rgariemo@cnn.com,Genderqueer
818,Jude,jgershommp@virginia.edu,Male
819,Caryn,cdorranmq@smh.com.au,Female
820,Valentine,vrobinetmr@cargocollective.com,Female
821,Ellene,ecominottims@webmd.com,Female
822,Herbie,hmcgilvramt@blogspot.com,Male
823,Rhianon,rlehrmannmu@wisc.edu,Female
824,Phaedra,ptithacottmv@foxnews.com,Female
825,Nikolaus,nsibyllinamw@cloudflare.com,Genderfluid
826,Roanna,rsucremx@geocities.jp,Female
827,Irena,imckeemanmy@blogtalkradio.com,Female
828,Darla,dscamalmz@gmpg.org,Female
829,Terrijo,tbrightwelln0@deliciousdays.com,Female
830,Rubin,rcastanan1@sina.com.cn,Male
831,Iseabal,idagwelln2@usnews.com,Female
832,Marina,mharlockn3@elegantthemes.com,Female
833,Doyle,dpaylien4@ibm.com,Male
834,Annabell,amccereryn5@hostgator.com,Female
835,Dorry,dcapstickn6@topsy.com,Female
836,Bathsheba,badrann7@pinterest.com,Female
837,Starlene,spottn8@pbs.org,Female
838,Lulita,lharborn9@microsoft.com,Female
839,Paquito,pbrilonna@digg.com,Male
840,Lynn,lmckintoshnb@merriam-webster.com,Female
841,Claretta,ctemlettnc@salon.com,Female
842,Olav,otundernd@constantcontact.com,Genderfluid
843,Kara-lynn,kantosikne@mozilla.com,Female
844,Morrie,mmoffnf@google.com.au,Male
845,Morgun,mwillbondng@senate.gov,Male
846,Kevan,kbraistednh@cdbaby.com,Male
847,Burch,bludvigsenni@cargocollective.com,Male
848,Marlo,mcarlawnj@marketwatch.com,Male
849,Kelsey,kludlomnk@uiuc.edu,Male
850,Lek,lguernernl@angelfire.com,Male
851,Grange,gfuttynm@theatlantic.com,Male
852,Dorian,dpyfordnn@utexas.edu,Male
853,Reinhold,rwhissellno@illinois.edu,Male
854,Missy,mjablonskinp@microsoft.com,Female
855,Catrina,ccoltmannq@topsy.com,Female
856,Jefferey,jfontellesnr@desdev.cn,Male
857,Mendie,mcassns@ucoz.com,Male
858,Mitchell,mwhawellnt@macromedia.com,Male
859,Sherilyn,stingcombnu@mozilla.com,Female
860,Maris,msaynv@state.gov,Polygender
861,Maggy,mwesthoffnw@addtoany.com,Genderqueer
862,Dreddy,dnorrienx@msu.edu,Female
863,Finlay,fhenkenny@ifeng.com,Male
864,Roby,rmcquakernz@rambler.ru,Female
865,Joe,jdanskeno0@4shared.com,Male
866,Dorri,dplaschkeo1@rambler.ru,Female
867,Nikaniki,nrappoporto2@sfgate.com,Female
868,Georgine,ggrigso3@ucla.edu,Female
869,Barnebas,bpergenso4@seattletimes.com,Male
870,Ginni,gvardieo5@live.com,Female
871,Robbi,rsattino6@google.com.au,Female
872,Bertrando,bsiddeno7@shutterfly.com,Male
873,Wesley,wshurvilleo8@boston.com,Male
874,Felisha,fduntono9@meetup.com,Female
875,Hayley,hforemanoa@shutterfly.com,Female
876,Shaughn,sstudob@acquirethisname.com,Male
877,Alasteir,ainkpinoc@wordpress.com,Male
878,Doralyn,dboyneod@craigslist.org,Female
879,Sunshine,slambertioe@usgs.gov,Female
880,Simon,sgrevelof@mozilla.com,Male
881,Hilde,hchallaceog@ftc.gov,Female
882,Asa,abentooh@scientificamerican.com,Male
883,Cece,chonnicottoi@de.vu,Male
884,Alan,adecleenoj@shinystat.com,Polygender
885,Felicity,fmarjoribanksok@va.gov,Genderfluid
886,Fredra,fcouttesol@yahoo.co.jp,Female
887,Blisse,blonglandom@sourceforge.net,Female
888,Theo,tostickon@opera.com,Female
889,Aggy,agoodlipoo@hugedomains.com,Female
890,Dagny,draybouldop@dailymotion.com,Male
891,Hephzibah,hriccioneoq@prlog.org,Female
892,Pincas,paitkenor@ehow.com,Male
893,Randolf,rmcaughtryos@blogger.com,Male
894,Freda,fprobertot@ask.com,Female
895,Gilles,gkuberaou@seattletimes.com,Male
896,Allyce,aweaverov@constantcontact.com,Female
897,Mason,mmckimow@xinhuanet.com,Male
898,Sibbie,sturfinox@hibu.com,Female
899,Charlotta,clinseyoy@dedecms.com,Female
900,Jeannie,jleybandoz@slashdot.org,Female
901,Jase,jgreevesp0@eepurl.com,Male
902,Constanta,cramalhop1@huffingtonpost.com,Non-binary
903,Mandy,msollettp2@macromedia.com,Female
904,Leisha,lgiacobazzip3@example.com,Female
905,Munmro,mkibblewhitep4@altervista.org,Male
906,Prentiss,pvonderemptenp5@naver.com,Male
907,Meris,mfairp6@china.com.cn,Female
908,Tawnya,tabbysp7@loc.gov,Female
909,Toby,tebdonp8@discovery.com,Male
910,Ebenezer,efranekp9@wikispaces.com,Male
911,Riki,rjelphspa@amazon.co.uk,Female
912,Marianna,mphizackerlypb@adobe.com,Female
913,Oralee,owingerpc@ihg.com,Female
914,Analise,aperotpd@mapquest.com,Female
915,Reeba,rskewispe@cbsnews.com,Female
916,Francoise,fcoudraypf@shop-pro.jp,Female
917,Eddy,ehucklepg@blinklist.com,Male
918,Korry,kthyingph@ca.gov,Female
919,Staci,sianittellopi@istockphoto.com,Female
920,Clywd,cglaumpj@nyu.edu,Male
921,Alexia,awrixonpk@elegantthemes.com,Polygender
922,Diann,dwaterstonepl@blinklist.com,Female
923,Ignacio,isanchispm@dmoz.org,Male
924,Ninetta,nburberrypn@imgur.com,Female
925,Axel,acrichmerepo@flickr.com,Male
926,Elonore,eoldcroftpp@google.cn,Bigender
927,Jo-anne,jsmyleypq@nhs.uk,Female
928,Freddi,fcattopr@gizmodo.com,Female
929,Brandea,bsegraveps@twitpic.com,Genderfluid
930,Leroy,ljackpt@altervista.org,Male
931,Hilton,htregustpu@webnode.com,Male
932,Fielding,flissimorepv@printfriendly.com,Male
933,Chanda,cwyrillpw@blinklist.com,Female
934,Dillie,dcolcombpx@tamu.edu,Male
935,Ernesto,ebrockhurstpy@cyberchimps.com,Male
936,Jody,jbroderickpz@cnet.com,Genderqueer
937,Nancy,npirazziq0@pinterest.com,Female
938,Allen,apoizerq1@addthis.com,Male
939,Mayor,mconkieq2@cbslocal.com,Male
940,Melania,mprantoniq3@reuters.com,Female
941,Jeane,jilyuninq4@list-manage.com,Female
942,Carolann,ccadeq5@t.co,Female
943,Essie,emyrtleq6@hatena.ne.jp,Female
944,Harris,hcreboq7@nyu.edu,Male
945,Gregor,gkasselq8@icio.us,Male
946,Merlina,mspadazziq9@skyrock.com,Female
947,Giuseppe,gboddyqa@shutterfly.com,Male
948,Diana,dboylanqb@kickstarter.com,Female
949,Isidora,iiwanickiqc@parallels.com,Female
950,Erick,ecrokerqd@webnode.com,Male
951,Linnell,lgiordanoqe@arizona.edu,Female
952,Kris,koculliganqf@mlb.com,Female
953,Zacharias,zdulsonqg@japanpost.jp,Male
954,Nathalia,nbachmanqh@google.pl,Female
955,Duncan,dbruneauqi@google.com.hk,Male
956,Xavier,xwriterqj@cnn.com,Male
957,Ninnetta,nnowillqk@slideshare.net,Female
958,Vinnie,vdawtreql@rediff.com,Male
959,Zorana,zgolsthorpqm@gnu.org,Female
960,Selia,sgennerqn@symantec.com,Female
961,Bing,bfineyqo@xing.com,Male
962,Thaddeus,tketchasideqp@tuttocitta.it,Male
963,Allie,adurbridgeqq@xinhuanet.com,Female
964,Marilyn,mmalamoreqr@nymag.com,Female
965,Luke,ledelmanqs@vk.com,Male
966,Lucretia,lmacinherneyqt@telegraph.co.uk,Non-binary
967,Jedd,jdoylendqu@360.cn,Male
968,Philippine,pbeggioqv@eventbrite.com,Female
969,Eliot,espurginqw@theatlantic.com,Male
970,Nicoline,ngutierrezqx@feedburner.com,Female
971,Eirena,erubinowitzqy@mapy.cz,Female
972,Dalston,dgoodayqz@sfgate.com,Bigender
973,Taber,twaldocker0@gizmodo.com,Male
974,Cathryn,clongsonr1@amazonaws.com,Female
975,Miquela,mmyhanr2@webs.com,Female
976,Daron,diiannoner3@aboutads.info,Male
977,Sigfried,ssandercockr4@digg.com,Male
978,Hallsy,hgleyr5@techcrunch.com,Male
979,Zachary,zetridger6@trellian.com,Male
980,Rowena,rroartyr7@moonfruit.com,Female
981,Carena,calvesr8@msu.edu,Female
982,Amalea,aglancyr9@jigsy.com,Female
983,Stu,sscopynra@dagondesign.com,Male
984,Lezley,ldiversrb@joomla.org,Male
985,Milli,mjenkisonrc@army.mil,Female
986,Gabriel,gkrierrd@go.com,Male
987,Ericha,ewattinhamre@163.com,Female
988,Gusella,gmacneilleyrf@earthlink.net,Female
989,Cash,criciopporg@alexa.com,Male
990,Emelia,edomokosrh@desdev.cn,Female
991,Shamus,spaulleyri@nydailynews.com,Male
992,Calvin,criciopporj@ebay.co.uk,Male
993,Arv,apeltzrk@issuu.com,Male
994,Vanda,vwatheyrl@trellian.com,Female
995,Lorry,lcawleyrm@nih.gov,Male
996,Arline,adrifern@baidu.com,Female
997,Cecilius,cbryettro@kickstarter.com,Male
998,Brendin,bhearnesrp@slate.com,Male
999,Chauncey,clembckerq@barnesandnoble.com,Male
1000,Lloyd,lgauchierrr@spiegel.de,Male
